{
  "expect": {
    "24": -1,
    "103": "The cow jumped over the moon.",
    "124": "There is some text missing from this line.",
    "125": "There is some text missing from this line.",
    "144": "There is some text missing from this line.",
    "145": "There is some text missing from this line.",
    "146": "There is also some text missing here.",
    "147": "There is also some text missing here.",
    "220": "There are some words that don't belong in this sentence.",
    "236": "Somebody typed the end of this line twice.",
    "276": -1,
    "295": "This line of words is cleaned up.",
    "309": -1,
    "310": -1,
    "311": -1,
    "312": -1,
    "313": -1,
    "314": -1,
    "315": -1,
    "332": "Fix the errors on this line and replace them with undo.",
    "372": -1,
    "373": -1,
    "374": -1,
    "375": -1,
    "389": "When this line was typed in, someone pressed some wrong keys!",
    "390": "When this line was typed in, someone pressed some wrong keys!",
    "411": "This line has a few words that need changing using the change operator.",
    "412": "This line has a few words that need changing using the change operator.",
    "432": "The end of this line needs to be corrected using the `c$` command.",
    "433": "The end of this line needs to be corrected using the `c$` command.",
    "497": -1,
    "516": -1,
    "541": "Usually the best time to see the flowers is in the spring.",
    "735": -1,
    "740": -1,
    "759": "This line will allow you to practice appending text to a line.",
    "760": "This line will allow you to practice appending text to a line.",
    "780": "Adding 123 to 456 gives you 579.",
    "781": "Adding 123 to 456 gives you 579.",
    "807": "a) This is the first item.",
    "808": "b) This is the second item."
  }
}
